Company,Industry,Revenue ($M),Employees,Location
Company1,Edtech,8.49,184,"Austin, TX"
Company2,Marketing,2.42,69,"Chicago, IL"
Company3,Edtech,0.72,14,"Chicago, IL"
Company4,Edtech,2.96,16,"Seattle, WA"
Company5,Agritech,0.61,138,"Seattle, WA"
Company6,Edtech,6.84,101,"Boise, ID"
Company7,Marketing,4.13,199,"Boise, ID"
Company8,Logistics,4.05,142,"Austin, TX"
Company9,Healthtech,0.79,163,"New York, NY"
Company10,Edtech,2.21,25,"Boise, ID"
Company11,Healthtech,9.96,116,"Chicago, IL"
Company12,Logistics,0.72,73,"Los Angeles, CA"
Company13,Agritech,7.81,31,"Chicago, IL"
Company14,AI,8.92,123,"Los Angeles, CA"
Company15,E-commerce,9.32,26,"Seattle, WA"
Company16,Agritech,6.17,67,"Chicago, IL"
Company17,E-commerce,2.38,161,"Chicago, IL"
Company18,Fintech,2.04,104,"Boise, ID"
Company19,Fintech,7.81,155,"Miami, FL"
Company20,Marketing,7.52,45,"New York, NY"
Company21,Edtech,4.3,172,"Austin, TX"
Company22,Healthtech,9.69,42,"Chicago, IL"
Company23,Healthtech,7.79,87,"San Francisco, CA"
Company24,Fintech,9.98,20,"Boise, ID"
Company25,Fintech,8.11,197,"New York, NY"
Company26,Marketing,1.14,184,"Seattle, WA"
Company27,E-commerce,3.61,40,"Los Angeles, CA"
Company28,Edtech,1.59,81,"Seattle, WA"
Company29,Marketing,9.78,119,"Denver, CO"
Company30,Agritech,4.08,143,"Chicago, IL"
Company31,Logistics,1.94,148,"Los Angeles, CA"
Company32,Logistics,7.74,64,"Austin, TX"
Company33,Fintech,3.08,11,"Austin, TX"
Company34,Agritech,2.31,45,"Miami, FL"
Company35,Retail,6.93,44,"Seattle, WA"
Company36,Fintech,4.65,167,"New York, NY"
Company37,Healthtech,7.41,67,"Chicago, IL"
Company38,Healthtech,9.88,198,"San Francisco, CA"
Company39,E-commerce,4.37,18,"New York, NY"
Company40,E-commerce,0.89,123,"Boise, ID"
Company41,Retail,5.74,197,"Austin, TX"
Company42,AI,8.99,128,"Miami, FL"
Company43,Marketing,5.87,41,"Los Angeles, CA"
Company44,Logistics,4.29,124,"Los Angeles, CA"
Company45,Edtech,8.58,152,"New York, NY"
Company46,Agritech,3.8,21,"Boise, ID"
Company47,Edtech,5.48,177,"Denver, CO"
Company48,E-commerce,2.61,119,"Austin, TX"
Company49,Healthtech,7.74,71,"Boise, ID"
Company50,Fintech,7.09,62,"Los Angeles, CA"
Company51,Healthtech,8.56,32,"Denver, CO"
Company52,Healthtech,6.35,128,"Los Angeles, CA"
Company53,Edtech,5.33,144,"New York, NY"
Company54,Marketing,5.47,191,"Boise, ID"
Company55,AI,4.58,130,"San Francisco, CA"
Company56,AI,8.21,193,"Los Angeles, CA"
Company57,Edtech,7.41,117,"San Francisco, CA"
Company58,Agritech,9.72,108,"Denver, CO"
Company59,Marketing,2.97,67,"New York, NY"
Company60,Healthtech,8.33,61,"Boise, ID"
Company61,Marketing,0.88,110,"New York, NY"
Company62,Retail,8.62,62,"Chicago, IL"
Company63,Marketing,5.3,38,"Seattle, WA"
Company64,Edtech,3.97,54,"Denver, CO"
Company65,Marketing,9.96,115,"San Francisco, CA"
Company66,Retail,6.54,107,"Chicago, IL"
Company67,Retail,9.48,97,"Seattle, WA"
Company68,Healthtech,2.57,28,"New York, NY"
Company69,Edtech,2.5,19,"Miami, FL"
Company70,Retail,2.39,13,"Chicago, IL"
Company71,Marketing,4.71,83,"San Francisco, CA"
Company72,Healthtech,3.83,56,"Denver, CO"
Company73,Retail,2.65,94,"Los Angeles, CA"
Company74,Retail,3.81,55,"Seattle, WA"
Company75,E-commerce,3.83,60,"Boise, ID"
Company76,AI,4.02,99,"San Francisco, CA"
Company77,AI,3.16,37,"Seattle, WA"
Company78,E-commerce,4.02,176,"Los Angeles, CA"
Company79,AI,8.2,119,"Chicago, IL"
Company80,Agritech,5.69,52,"New York, NY"
Company81,Retail,1.65,159,"Austin, TX"
Company82,Retail,7.37,20,"Austin, TX"
Company83,Edtech,8.38,169,"Seattle, WA"
Company84,Healthtech,3.81,7,"Chicago, IL"
Company85,Edtech,7.55,74,"Boise, ID"
Company86,Logistics,7.28,44,"Los Angeles, CA"
Company87,Logistics,2.49,179,"San Francisco, CA"
Company88,Logistics,6.49,22,"Denver, CO"
Company89,E-commerce,5.64,49,"Seattle, WA"
Company90,Agritech,1.32,36,"Boise, ID"
Company91,Retail,4.67,57,"Austin, TX"
Company92,Edtech,7.63,20,"Chicago, IL"
Company93,Fintech,9.42,78,"Boise, ID"
Company94,Agritech,4.44,176,"New York, NY"
Company95,E-commerce,2.95,112,"Chicago, IL"
Company96,Fintech,9.87,5,"Seattle, WA"
Company97,E-commerce,2.81,30,"San Francisco, CA"
Company98,Marketing,8.89,168,"Boise, ID"
Company99,Healthtech,7.11,140,"Seattle, WA"
Company100,Healthtech,2.55,5,"Boise, ID"
Company101,Healthtech,9.38,168,"Austin, TX"
Company102,AI,8.63,146,"Boise, ID"
Company103,Healthtech,9.97,193,"Chicago, IL"
Company104,Logistics,6.64,45,"Denver, CO"
Company105,Fintech,5.31,82,"Miami, FL"
Company106,AI,2.28,114,"Seattle, WA"
Company107,Agritech,8.19,164,"San Francisco, CA"
Company108,E-commerce,9.89,59,"Miami, FL"
Company109,Agritech,5.46,65,"Austin, TX"
Company110,Logistics,0.82,167,"Boise, ID"
Company111,Healthtech,7.38,155,"Los Angeles, CA"
Company112,Logistics,10.0,194,"Miami, FL"
Company113,Retail,7.11,99,"Seattle, WA"
Company114,Marketing,4.96,174,"Chicago, IL"
Company115,Retail,5.77,18,"Denver, CO"
Company116,E-commerce,3.29,37,"San Francisco, CA"
Company117,AI,2.63,83,"New York, NY"
Company118,Healthtech,9.59,124,"Miami, FL"
Company119,Marketing,1.04,136,"New York, NY"
Company120,Fintech,2.04,86,"Austin, TX"
Company121,Logistics,0.91,113,"San Francisco, CA"
Company122,Edtech,5.18,161,"San Francisco, CA"
Company123,AI,8.32,85,"Austin, TX"
Company124,Retail,4.76,110,"Austin, TX"
Company125,AI,0.86,115,"Austin, TX"
Company126,Agritech,3.14,51,"Boise, ID"
Company127,Logistics,2.37,58,"Boise, ID"
Company128,E-commerce,8.46,72,"Austin, TX"
Company129,Logistics,3.61,144,"Austin, TX"
Company130,Agritech,5.93,92,"Miami, FL"
Company131,Logistics,7.55,90,"Boise, ID"
Company132,Fintech,1.7,172,"Denver, CO"
Company133,Agritech,5.58,71,"Los Angeles, CA"
Company134,Marketing,9.13,172,"Denver, CO"
Company135,Healthtech,0.92,36,"Austin, TX"
Company136,Retail,5.83,82,"New York, NY"
Company137,Edtech,9.58,108,"San Francisco, CA"
Company138,E-commerce,5.52,121,"Los Angeles, CA"
Company139,AI,6.63,8,"Denver, CO"
Company140,Marketing,7.16,143,"Boise, ID"
Company141,Marketing,8.61,25,"Boise, ID"
Company142,Agritech,5.87,142,"San Francisco, CA"
Company143,Retail,7.84,106,"Los Angeles, CA"
Company144,Healthtech,1.56,91,"New York, NY"
Company145,Marketing,8.29,12,"Seattle, WA"
Company146,Marketing,4.67,184,"Los Angeles, CA"
Company147,Agritech,5.4,140,"Austin, TX"
Company148,AI,8.06,120,"Denver, CO"
Company149,Retail,1.65,15,"Seattle, WA"
Company150,Marketing,6.22,118,"Austin, TX"
Company151,Edtech,8.07,194,"Austin, TX"
Company152,Fintech,7.0,172,"Austin, TX"
Company153,Healthtech,3.3,13,"Miami, FL"
Company154,Agritech,3.18,160,"Austin, TX"
Company155,AI,6.02,19,"San Francisco, CA"
Company156,E-commerce,4.84,146,"Austin, TX"
Company157,Retail,3.84,52,"Los Angeles, CA"
Company158,AI,4.37,151,"Chicago, IL"
Company159,Logistics,7.95,46,"Austin, TX"
Company160,Fintech,8.84,24,"Seattle, WA"
Company161,Logistics,7.45,131,"Miami, FL"
Company162,AI,7.86,112,"Boise, ID"
Company163,Marketing,1.76,188,"San Francisco, CA"
Company164,Retail,1.64,126,"Denver, CO"
Company165,E-commerce,0.94,129,"Miami, FL"
Company166,Agritech,4.77,47,"Miami, FL"
Company167,Healthtech,7.67,40,"New York, NY"
Company168,AI,1.13,41,"Miami, FL"
Company169,Marketing,6.04,155,"New York, NY"
Company170,Marketing,8.95,121,"San Francisco, CA"
Company171,Logistics,3.9,77,"Denver, CO"
Company172,Edtech,8.18,12,"Seattle, WA"
Company173,E-commerce,1.6,146,"Chicago, IL"
Company174,AI,7.21,186,"San Francisco, CA"
Company175,Agritech,4.7,151,"Los Angeles, CA"
Company176,Healthtech,1.41,96,"Denver, CO"
Company177,E-commerce,2.61,179,"Chicago, IL"
Company178,Edtech,1.08,135,"Denver, CO"
Company179,Agritech,0.78,191,"Denver, CO"
Company180,E-commerce,2.73,100,"Boise, ID"
Company181,E-commerce,7.77,40,"San Francisco, CA"
Company182,Edtech,2.87,9,"Miami, FL"
Company183,Retail,2.69,7,"Boise, ID"
Company184,Agritech,6.05,120,"Los Angeles, CA"
Company185,Agritech,8.48,141,"Los Angeles, CA"
Company186,Marketing,7.23,114,"San Francisco, CA"
Company187,E-commerce,9.35,40,"Denver, CO"
Company188,AI,6.13,197,"San Francisco, CA"
Company189,Healthtech,1.41,10,"San Francisco, CA"
Company190,E-commerce,1.25,154,"Seattle, WA"
Company191,AI,3.59,200,"Los Angeles, CA"
Company192,Healthtech,9.34,113,"Denver, CO"
Company193,Logistics,3.79,175,"Boise, ID"
Company194,Retail,5.37,137,"Denver, CO"
Company195,Fintech,3.44,51,"San Francisco, CA"
Company196,E-commerce,8.58,19,"Denver, CO"
Company197,Agritech,0.68,132,"Boise, ID"
Company198,Healthtech,9.61,187,"Los Angeles, CA"
Company199,Marketing,0.97,188,"Chicago, IL"
Company200,Retail,1.26,151,"Los Angeles, CA"
Company201,Agritech,1.08,151,"Boise, ID"
Company202,Marketing,3.36,24,"San Francisco, CA"
Company203,AI,4.93,140,"Boise, ID"
Company204,Agritech,7.52,147,"Chicago, IL"
Company205,Edtech,2.26,70,"Denver, CO"
Company206,E-commerce,3.84,95,"Denver, CO"
Company207,Fintech,7.63,200,"Austin, TX"
Company208,Logistics,1.27,75,"New York, NY"
Company209,Fintech,4.39,88,"San Francisco, CA"
Company210,Logistics,0.7,97,"Austin, TX"
Company211,AI,6.33,27,"Los Angeles, CA"
Company212,E-commerce,8.47,14,"Seattle, WA"
Company213,Fintech,7.96,61,"San Francisco, CA"
Company214,Fintech,1.28,20,"Austin, TX"
Company215,Healthtech,2.96,23,"Austin, TX"
Company216,AI,6.36,99,"Chicago, IL"
Company217,Retail,3.63,124,"San Francisco, CA"
Company218,Agritech,0.92,50,"Austin, TX"
Company219,Fintech,7.93,47,"Denver, CO"
Company220,Edtech,9.53,64,"Denver, CO"
Company221,AI,8.95,80,"Miami, FL"
Company222,Logistics,8.85,58,"Miami, FL"
Company223,Fintech,8.89,178,"Chicago, IL"
Company224,Agritech,1.06,67,"San Francisco, CA"
Company225,Healthtech,7.19,20,"Boise, ID"
Company226,E-commerce,2.02,71,"Miami, FL"
Company227,Fintech,6.56,192,"Austin, TX"
Company228,Healthtech,3.73,16,"Boise, ID"
Company229,Marketing,4.17,163,"New York, NY"
Company230,Healthtech,4.33,177,"Los Angeles, CA"
Company231,E-commerce,6.51,31,"San Francisco, CA"
Company232,Healthtech,7.23,27,"San Francisco, CA"
Company233,Retail,7.26,21,"Chicago, IL"
Company234,Agritech,2.87,178,"Denver, CO"
Company235,Fintech,7.69,136,"New York, NY"
Company236,E-commerce,1.38,16,"Seattle, WA"
Company237,Healthtech,4.31,176,"Boise, ID"
Company238,Healthtech,3.86,193,"Austin, TX"
Company239,Agritech,1.12,192,"Seattle, WA"
Company240,AI,5.72,141,"Los Angeles, CA"
Company241,Retail,5.65,120,"Austin, TX"
Company242,Edtech,9.03,83,"San Francisco, CA"
Company243,Fintech,1.5,9,"Los Angeles, CA"
Company244,AI,3.74,187,"Los Angeles, CA"
Company245,E-commerce,9.6,172,"Boise, ID"
Company246,AI,3.02,119,"Chicago, IL"
Company247,Retail,5.91,128,"Chicago, IL"
Company248,Fintech,1.17,161,"Los Angeles, CA"
Company249,Edtech,4.21,184,"San Francisco, CA"
Company250,Logistics,7.15,91,"Boise, ID"
Company251,Retail,6.37,99,"Los Angeles, CA"
Company252,Marketing,4.4,68,"Austin, TX"
Company253,E-commerce,4.97,172,"Los Angeles, CA"
Company254,AI,9.5,154,"Chicago, IL"
Company255,AI,5.49,43,"Austin, TX"
Company256,Fintech,3.08,121,"Miami, FL"
Company257,Logistics,5.2,197,"Austin, TX"
Company258,Logistics,6.78,120,"Boise, ID"
Company259,Logistics,3.68,176,"San Francisco, CA"
Company260,Healthtech,10.0,18,"Chicago, IL"
Company261,Marketing,5.22,59,"Austin, TX"
Company262,Retail,8.14,5,"Chicago, IL"
Company263,Healthtech,4.24,48,"Boise, ID"
Company264,Retail,9.64,132,"New York, NY"
Company265,Healthtech,8.58,68,"New York, NY"
Company266,Marketing,8.74,39,"Denver, CO"
Company267,Fintech,4.82,15,"San Francisco, CA"
Company268,Retail,2.31,132,"Los Angeles, CA"
Company269,Agritech,3.88,66,"Denver, CO"
Company270,Agritech,6.87,131,"Chicago, IL"
Company271,Edtech,2.35,137,"San Francisco, CA"
Company272,Edtech,8.49,51,"San Francisco, CA"
Company273,Healthtech,8.89,73,"New York, NY"
Company274,Retail,7.77,52,"New York, NY"
Company275,Healthtech,1.47,164,"Miami, FL"
Company276,E-commerce,3.29,155,"Miami, FL"
Company277,Retail,6.89,126,"Chicago, IL"
Company278,Agritech,5.32,18,"Seattle, WA"
Company279,Retail,3.45,109,"Miami, FL"
Company280,Edtech,1.76,15,"Chicago, IL"
Company281,Logistics,7.96,134,"Los Angeles, CA"
Company282,Logistics,9.89,107,"Seattle, WA"
Company283,AI,1.11,33,"Denver, CO"
Company284,Retail,7.78,46,"Los Angeles, CA"
Company285,Agritech,8.65,121,"Denver, CO"
Company286,E-commerce,5.24,84,"Denver, CO"
Company287,AI,1.47,116,"Seattle, WA"
Company288,Agritech,6.15,127,"Seattle, WA"
Company289,Fintech,4.49,9,"Boise, ID"
Company290,Healthtech,5.85,167,"Chicago, IL"
Company291,Fintech,3.81,186,"Chicago, IL"
Company292,Logistics,7.49,36,"Denver, CO"
Company293,Healthtech,5.95,48,"San Francisco, CA"
Company294,AI,8.03,147,"Chicago, IL"
Company295,Fintech,4.43,55,"New York, NY"
Company296,AI,7.26,125,"Los Angeles, CA"
Company297,Edtech,7.54,192,"Miami, FL"
Company298,Marketing,3.95,25,"New York, NY"
Company299,Healthtech,7.51,157,"San Francisco, CA"
Company300,Agritech,1.55,38,"Seattle, WA"
Company301,Fintech,9.75,21,"Boise, ID"
Company302,E-commerce,8.83,152,"Seattle, WA"
Company303,Retail,3.26,183,"Boise, ID"
Company304,E-commerce,1.78,184,"San Francisco, CA"
Company305,Fintech,9.11,185,"Denver, CO"
Company306,Logistics,5.53,29,"Seattle, WA"
Company307,E-commerce,6.16,25,"New York, NY"
Company308,Fintech,8.93,131,"Miami, FL"
Company309,AI,6.56,33,"Los Angeles, CA"
Company310,Fintech,9.58,48,"Boise, ID"
Company311,AI,3.09,62,"New York, NY"
Company312,Retail,3.09,119,"Austin, TX"
Company313,AI,2.06,74,"Denver, CO"
Company314,Logistics,4.83,169,"New York, NY"
Company315,E-commerce,6.93,145,"Miami, FL"
Company316,AI,9.89,153,"Denver, CO"
Company317,Logistics,4.02,18,"San Francisco, CA"
Company318,Edtech,6.09,88,"Denver, CO"
Company319,E-commerce,9.27,183,"New York, NY"
Company320,Fintech,7.46,131,"Miami, FL"
Company321,Edtech,7.75,17,"Los Angeles, CA"
Company322,Edtech,1.09,73,"San Francisco, CA"
Company323,Fintech,2.29,15,"Denver, CO"
Company324,Healthtech,8.03,183,"Los Angeles, CA"
Company325,Marketing,8.99,34,"Denver, CO"
Company326,Retail,3.19,117,"Austin, TX"
Company327,Edtech,3.57,92,"Chicago, IL"
Company328,AI,2.83,85,"Denver, CO"
Company329,Edtech,5.36,151,"Austin, TX"
Company330,Marketing,8.31,181,"Boise, ID"
Company331,Fintech,9.44,118,"Miami, FL"
Company332,Agritech,4.18,145,"Austin, TX"
Company333,Marketing,3.09,200,"San Francisco, CA"
Company334,Agritech,4.07,140,"Los Angeles, CA"
Company335,Fintech,5.62,114,"Austin, TX"
Company336,Logistics,2.88,162,"Austin, TX"
Company337,Healthtech,0.58,13,"San Francisco, CA"
Company338,Edtech,8.68,86,"Miami, FL"
Company339,AI,7.86,138,"Miami, FL"
Company340,Logistics,7.32,115,"Austin, TX"
Company341,Logistics,2.95,163,"Miami, FL"
Company342,Retail,4.28,109,"Los Angeles, CA"
Company343,Marketing,1.11,154,"Boise, ID"
Company344,Fintech,7.13,62,"Los Angeles, CA"
Company345,Agritech,8.62,63,"Chicago, IL"
Company346,Logistics,5.16,78,"New York, NY"
Company347,Fintech,3.59,26,"Los Angeles, CA"
Company348,E-commerce,4.97,154,"Austin, TX"
Company349,Retail,5.22,132,"Boise, ID"
Company350,Marketing,5.31,165,"Miami, FL"
Company351,Agritech,2.87,53,"Miami, FL"
Company352,Edtech,4.35,191,"Miami, FL"
Company353,Retail,1.7,136,"Austin, TX"
Company354,E-commerce,7.02,200,"Los Angeles, CA"
Company355,Edtech,6.02,184,"Los Angeles, CA"
Company356,Edtech,0.79,81,"Seattle, WA"
Company357,Edtech,1.79,12,"Austin, TX"
Company358,Agritech,1.87,145,"Chicago, IL"
Company359,Retail,8.93,183,"Miami, FL"
Company360,Logistics,5.14,36,"Seattle, WA"
Company361,Edtech,9.2,129,"Seattle, WA"
Company362,Marketing,9.47,41,"Miami, FL"
Company363,Healthtech,4.53,67,"San Francisco, CA"
Company364,Marketing,9.21,61,"Denver, CO"
Company365,Marketing,6.25,106,"Denver, CO"
Company366,E-commerce,8.58,19,"New York, NY"
Company367,Healthtech,1.45,176,"Miami, FL"
Company368,Healthtech,9.03,126,"Austin, TX"
Company369,E-commerce,8.33,174,"Denver, CO"
Company370,Agritech,5.91,126,"Chicago, IL"
Company371,AI,3.22,56,"New York, NY"
Company372,Retail,9.27,75,"Seattle, WA"
Company373,Retail,3.37,81,"Los Angeles, CA"
Company374,Fintech,2.78,171,"Denver, CO"
Company375,E-commerce,2.74,99,"Chicago, IL"
Company376,Logistics,6.18,129,"Los Angeles, CA"
Company377,AI,3.23,39,"Chicago, IL"
Company378,Logistics,8.31,16,"San Francisco, CA"
Company379,E-commerce,3.24,90,"Denver, CO"
Company380,Healthtech,7.64,162,"San Francisco, CA"
Company381,E-commerce,5.39,115,"Denver, CO"
Company382,Marketing,7.47,197,"Miami, FL"
Company383,Fintech,3.22,136,"Miami, FL"
Company384,Marketing,5.77,175,"Seattle, WA"
Company385,Healthtech,6.5,45,"Boise, ID"
Company386,Marketing,8.69,137,"San Francisco, CA"
Company387,Marketing,4.3,172,"San Francisco, CA"
Company388,Marketing,5.42,68,"New York, NY"
Company389,Retail,5.07,147,"San Francisco, CA"
Company390,Fintech,9.41,99,"Boise, ID"
Company391,Agritech,7.69,146,"Chicago, IL"
Company392,Retail,9.94,191,"Seattle, WA"
Company393,AI,2.64,99,"Austin, TX"
Company394,AI,7.42,20,"Austin, TX"
Company395,Marketing,4.1,154,"Los Angeles, CA"
Company396,E-commerce,7.84,59,"Denver, CO"
Company397,Retail,3.12,140,"Seattle, WA"
Company398,AI,2.82,125,"Chicago, IL"
Company399,Fintech,6.33,118,"Miami, FL"
Company400,AI,2.5,27,"San Francisco, CA"
Company401,E-commerce,2.86,135,"Chicago, IL"
Company402,Logistics,1.05,136,"Miami, FL"
Company403,Marketing,9.91,68,"Seattle, WA"
Company404,Agritech,9.26,177,"Los Angeles, CA"
Company405,AI,5.11,18,"Seattle, WA"
Company406,Healthtech,4.66,193,"Seattle, WA"
Company407,Agritech,7.82,102,"Denver, CO"
Company408,AI,5.2,174,"Seattle, WA"
Company409,Healthtech,9.08,190,"San Francisco, CA"
Company410,Retail,3.5,35,"Boise, ID"
Company411,Healthtech,8.96,199,"Miami, FL"
Company412,AI,2.57,129,"New York, NY"
Company413,Agritech,7.42,130,"Austin, TX"
Company414,Edtech,1.72,85,"San Francisco, CA"
Company415,Healthtech,7.28,104,"Boise, ID"
Company416,Healthtech,9.9,158,"Chicago, IL"
Company417,Logistics,5.45,142,"Denver, CO"
Company418,Agritech,3.29,80,"Austin, TX"
Company419,Fintech,9.39,164,"Los Angeles, CA"
Company420,Fintech,2.54,163,"Chicago, IL"
Company421,E-commerce,8.94,41,"Austin, TX"
Company422,Marketing,4.49,120,"Miami, FL"
Company423,Retail,1.43,117,"Chicago, IL"
Company424,Logistics,7.6,62,"Los Angeles, CA"
Company425,E-commerce,9.32,106,"Los Angeles, CA"
Company426,Fintech,5.11,24,"Denver, CO"
Company427,Fintech,2.81,99,"Seattle, WA"
Company428,Healthtech,9.59,119,"Denver, CO"
Company429,E-commerce,2.1,153,"San Francisco, CA"
Company430,Edtech,4.15,42,"Denver, CO"
Company431,Healthtech,1.66,47,"Denver, CO"
Company432,Healthtech,5.28,45,"Denver, CO"
Company433,Agritech,5.55,150,"Chicago, IL"
Company434,Agritech,3.87,6,"New York, NY"
Company435,Marketing,6.11,106,"Miami, FL"
Company436,Logistics,2.68,70,"Boise, ID"
Company437,Agritech,7.64,179,"Miami, FL"
Company438,AI,3.5,200,"Denver, CO"
Company439,AI,2.15,190,"Seattle, WA"
Company440,Logistics,1.96,149,"Boise, ID"
Company441,Marketing,6.26,33,"Austin, TX"
Company442,Marketing,5.01,154,"Boise, ID"
Company443,Agritech,8.63,126,"Chicago, IL"
Company444,Agritech,1.92,199,"Chicago, IL"
Company445,Fintech,2.53,7,"Chicago, IL"
Company446,Healthtech,2.36,138,"New York, NY"
Company447,AI,0.57,67,"Denver, CO"
Company448,Logistics,9.71,29,"Chicago, IL"
Company449,Fintech,6.14,23,"New York, NY"
Company450,Retail,4.38,78,"Seattle, WA"
Company451,Agritech,0.79,163,"Los Angeles, CA"
Company452,E-commerce,3.93,27,"Seattle, WA"
Company453,Marketing,5.31,133,"Austin, TX"
Company454,Healthtech,6.49,43,"New York, NY"
Company455,Edtech,3.43,116,"Chicago, IL"
Company456,Retail,4.64,33,"New York, NY"
Company457,Edtech,7.94,183,"Austin, TX"
Company458,Healthtech,5.35,57,"Denver, CO"
Company459,AI,6.33,134,"Miami, FL"
Company460,Fintech,6.67,49,"Los Angeles, CA"
Company461,Retail,8.76,189,"San Francisco, CA"
Company462,Logistics,2.59,56,"San Francisco, CA"
Company463,Fintech,5.36,12,"New York, NY"
Company464,AI,2.36,100,"Chicago, IL"
Company465,AI,5.16,71,"San Francisco, CA"
Company466,Fintech,9.45,6,"Chicago, IL"
Company467,Fintech,9.69,84,"Los Angeles, CA"
Company468,Agritech,0.71,139,"Denver, CO"
Company469,Edtech,7.79,123,"Austin, TX"
Company470,Logistics,3.26,144,"Chicago, IL"
Company471,Agritech,8.51,147,"Los Angeles, CA"
Company472,Logistics,5.46,194,"Austin, TX"
Company473,Marketing,2.35,41,"Chicago, IL"
Company474,Retail,9.24,164,"Austin, TX"
Company475,Healthtech,6.29,38,"Miami, FL"
Company476,E-commerce,3.85,197,"Austin, TX"
Company477,Agritech,9.38,77,"Los Angeles, CA"
Company478,Agritech,5.95,90,"Los Angeles, CA"
Company479,Retail,8.15,108,"Seattle, WA"
Company480,Fintech,0.71,67,"Austin, TX"
Company481,Fintech,2.78,162,"Austin, TX"
Company482,E-commerce,4.93,33,"Denver, CO"
Company483,Retail,2.81,150,"Chicago, IL"
Company484,Healthtech,2.04,183,"Chicago, IL"
Company485,Marketing,7.94,92,"Austin, TX"
Company486,Logistics,1.48,86,"Boise, ID"
Company487,E-commerce,7.85,7,"New York, NY"
Company488,Fintech,5.12,30,"Los Angeles, CA"
Company489,Healthtech,2.0,51,"Denver, CO"
Company490,Fintech,4.66,54,"New York, NY"
Company491,Edtech,8.16,21,"Denver, CO"
Company492,Fintech,3.2,18,"San Francisco, CA"
Company493,Agritech,5.71,49,"Austin, TX"
Company494,Retail,1.0,161,"New York, NY"
Company495,Logistics,4.49,57,"Austin, TX"
Company496,Marketing,7.56,124,"Miami, FL"
Company497,Retail,6.22,144,"Los Angeles, CA"
Company498,Agritech,6.69,172,"Chicago, IL"
Company499,Retail,7.12,39,"Denver, CO"
Company500,Edtech,9.01,176,"Boise, ID"
Company501,Fintech,4.22,15,"Seattle, WA"
Company502,Agritech,8.93,142,"San Francisco, CA"
Company503,Edtech,3.19,132,"San Francisco, CA"
Company504,Marketing,9.1,102,"Miami, FL"
Company505,Healthtech,1.69,116,"Miami, FL"
Company506,Healthtech,4.28,146,"San Francisco, CA"
Company507,E-commerce,8.05,80,"New York, NY"
Company508,Healthtech,9.16,83,"Los Angeles, CA"
Company509,Retail,9.68,82,"San Francisco, CA"
Company510,Retail,8.58,138,"San Francisco, CA"
Company511,Marketing,8.78,106,"Seattle, WA"
Company512,Agritech,4.56,32,"Boise, ID"
Company513,Logistics,1.56,11,"Seattle, WA"
Company514,Marketing,7.48,167,"San Francisco, CA"
Company515,Logistics,8.15,49,"New York, NY"
Company516,Agritech,2.77,20,"Denver, CO"
Company517,Edtech,5.71,82,"New York, NY"
Company518,AI,8.92,108,"Denver, CO"
Company519,Edtech,6.81,64,"Boise, ID"
Company520,Retail,4.99,181,"San Francisco, CA"
Company521,Healthtech,1.45,48,"Denver, CO"
Company522,Agritech,6.25,35,"Austin, TX"
Company523,Retail,2.6,200,"Miami, FL"
Company524,Edtech,1.82,78,"Chicago, IL"
Company525,E-commerce,3.33,78,"Seattle, WA"
Company526,Fintech,4.63,30,"Miami, FL"
Company527,Logistics,4.08,94,"Los Angeles, CA"
Company528,Marketing,8.41,41,"New York, NY"
Company529,Fintech,4.71,179,"San Francisco, CA"
Company530,Agritech,6.67,90,"Boise, ID"
Company531,E-commerce,3.59,177,"Denver, CO"
Company532,Logistics,0.98,82,"Denver, CO"
Company533,Agritech,1.17,38,"New York, NY"
Company534,Edtech,4.47,161,"Denver, CO"
Company535,E-commerce,9.98,161,"Los Angeles, CA"
Company536,Fintech,5.23,71,"Miami, FL"
Company537,Edtech,1.71,180,"San Francisco, CA"
Company538,Edtech,2.38,184,"New York, NY"
Company539,Logistics,3.63,153,"San Francisco, CA"
Company540,AI,8.56,75,"Denver, CO"
Company541,Marketing,3.2,90,"San Francisco, CA"
Company542,Edtech,5.45,152,"Denver, CO"
Company543,Agritech,4.34,80,"San Francisco, CA"
Company544,E-commerce,2.48,7,"New York, NY"
Company545,E-commerce,4.01,102,"Boise, ID"
Company546,Edtech,1.36,40,"Austin, TX"
Company547,Healthtech,7.39,169,"Los Angeles, CA"
Company548,E-commerce,9.68,175,"Austin, TX"
Company549,Retail,4.83,172,"Los Angeles, CA"
Company550,Retail,7.9,80,"San Francisco, CA"
Company551,Logistics,7.31,80,"Denver, CO"
Company552,E-commerce,3.53,95,"New York, NY"
Company553,AI,7.12,135,"Denver, CO"
Company554,Retail,8.3,130,"Seattle, WA"
Company555,Agritech,4.37,178,"Chicago, IL"
Company556,Fintech,3.54,51,"Boise, ID"
Company557,Fintech,3.42,113,"Denver, CO"
Company558,Logistics,7.34,124,"Boise, ID"
Company559,Logistics,3.84,140,"Denver, CO"
Company560,Edtech,5.6,139,"New York, NY"
Company561,Fintech,8.98,119,"San Francisco, CA"
Company562,Logistics,4.56,66,"New York, NY"
Company563,Retail,7.09,88,"Seattle, WA"
Company564,Retail,5.89,145,"Boise, ID"
Company565,E-commerce,8.72,129,"Boise, ID"
Company566,Edtech,4.42,159,"Miami, FL"
Company567,Agritech,6.81,31,"Los Angeles, CA"
Company568,Logistics,7.53,131,"Austin, TX"
Company569,Marketing,5.88,46,"Denver, CO"
Company570,E-commerce,7.74,47,"San Francisco, CA"
Company571,AI,9.38,64,"Miami, FL"
Company572,Fintech,8.78,94,"Chicago, IL"
Company573,Edtech,7.94,38,"Los Angeles, CA"
Company574,E-commerce,0.55,157,"Boise, ID"
Company575,Retail,6.0,42,"Denver, CO"
Company576,Healthtech,7.86,188,"Miami, FL"
Company577,Retail,8.47,97,"Denver, CO"
Company578,Retail,2.13,108,"New York, NY"
Company579,Logistics,8.99,29,"Los Angeles, CA"
Company580,AI,8.73,174,"Austin, TX"
Company581,Retail,9.88,143,"Chicago, IL"
Company582,Healthtech,9.14,20,"Chicago, IL"
Company583,E-commerce,4.26,74,"Miami, FL"
Company584,Fintech,6.1,155,"Seattle, WA"
Company585,AI,8.17,190,"Seattle, WA"
Company586,AI,0.51,34,"Boise, ID"
Company587,Marketing,8.01,196,"Austin, TX"
Company588,Edtech,4.35,198,"Denver, CO"
Company589,Healthtech,2.17,122,"Seattle, WA"
Company590,Fintech,9.06,120,"New York, NY"
Company591,Fintech,7.8,50,"Denver, CO"
Company592,Retail,1.27,161,"San Francisco, CA"
Company593,Agritech,5.32,136,"Los Angeles, CA"
Company594,E-commerce,3.94,187,"Austin, TX"
Company595,E-commerce,7.14,110,"Miami, FL"
Company596,Healthtech,2.05,187,"New York, NY"
Company597,Logistics,4.83,141,"Boise, ID"
Company598,Edtech,7.31,137,"New York, NY"
Company599,E-commerce,7.07,66,"San Francisco, CA"
Company600,Edtech,7.37,131,"Austin, TX"
Company601,Agritech,6.21,122,"Seattle, WA"
Company602,Healthtech,9.12,75,"Denver, CO"
Company603,Logistics,9.84,194,"Austin, TX"
Company604,Healthtech,2.85,99,"Los Angeles, CA"
Company605,Edtech,5.34,170,"Chicago, IL"
Company606,AI,4.37,75,"Chicago, IL"
Company607,Retail,4.65,20,"Seattle, WA"
Company608,Fintech,3.47,38,"Miami, FL"
Company609,AI,7.03,117,"Chicago, IL"
Company610,Retail,2.93,131,"San Francisco, CA"
Company611,Retail,6.76,36,"Austin, TX"
Company612,Marketing,5.25,80,"Seattle, WA"
Company613,E-commerce,8.98,56,"Los Angeles, CA"
Company614,Logistics,2.8,153,"Boise, ID"
Company615,Marketing,7.33,100,"Boise, ID"
Company616,Healthtech,7.72,91,"San Francisco, CA"
Company617,Retail,6.7,161,"Boise, ID"
Company618,Logistics,7.76,44,"New York, NY"
Company619,Edtech,7.55,154,"New York, NY"
Company620,Agritech,5.2,136,"Chicago, IL"
Company621,Retail,8.59,27,"San Francisco, CA"
Company622,Agritech,3.71,11,"San Francisco, CA"
Company623,AI,7.62,146,"Miami, FL"
Company624,Edtech,7.71,164,"Boise, ID"
Company625,E-commerce,3.01,26,"New York, NY"
Company626,Retail,9.52,110,"San Francisco, CA"
Company627,Agritech,8.21,107,"Austin, TX"
Company628,Retail,8.79,101,"San Francisco, CA"
Company629,Marketing,1.4,78,"Seattle, WA"
Company630,Marketing,6.76,167,"New York, NY"
Company631,Healthtech,2.23,42,"San Francisco, CA"
Company632,Logistics,1.81,22,"Boise, ID"
Company633,E-commerce,1.66,120,"Miami, FL"
Company634,Healthtech,3.88,21,"San Francisco, CA"
Company635,Marketing,4.84,160,"Austin, TX"
Company636,Edtech,9.2,108,"Chicago, IL"
Company637,Marketing,7.74,111,"Boise, ID"
Company638,Retail,6.08,144,"Austin, TX"
Company639,Retail,5.67,33,"Los Angeles, CA"
Company640,Marketing,9.89,11,"New York, NY"
Company641,Agritech,3.02,176,"Boise, ID"
Company642,E-commerce,0.68,120,"Miami, FL"
Company643,E-commerce,9.04,149,"New York, NY"
Company644,Fintech,9.49,115,"Miami, FL"
Company645,Logistics,4.04,165,"Miami, FL"
Company646,Fintech,8.68,119,"Chicago, IL"
Company647,AI,3.29,140,"Chicago, IL"
Company648,Edtech,8.43,49,"Denver, CO"
Company649,Fintech,6.03,110,"Chicago, IL"
Company650,Agritech,6.93,183,"Seattle, WA"
Company651,AI,7.86,21,"Austin, TX"
Company652,E-commerce,1.28,55,"Seattle, WA"
Company653,Edtech,3.83,193,"Denver, CO"
Company654,E-commerce,1.51,95,"Austin, TX"
Company655,Fintech,5.93,89,"Austin, TX"
Company656,Logistics,3.74,106,"New York, NY"
Company657,Healthtech,4.64,90,"Los Angeles, CA"
Company658,AI,1.31,57,"Austin, TX"
Company659,Marketing,8.96,76,"Denver, CO"
Company660,AI,2.09,179,"Miami, FL"
Company661,Edtech,0.85,178,"Seattle, WA"
Company662,Logistics,4.92,96,"Austin, TX"
Company663,Marketing,5.55,41,"Los Angeles, CA"
Company664,Logistics,2.2,128,"Seattle, WA"
Company665,Edtech,8.36,114,"Denver, CO"
Company666,Healthtech,3.6,191,"Boise, ID"
Company667,Healthtech,0.7,74,"Miami, FL"
Company668,Agritech,4.1,97,"Chicago, IL"
Company669,Retail,9.36,148,"Seattle, WA"
Company670,Retail,3.31,17,"Austin, TX"
Company671,Marketing,7.7,149,"Denver, CO"
Company672,Retail,3.83,163,"Chicago, IL"
Company673,Fintech,5.43,124,"New York, NY"
Company674,Retail,5.5,30,"Boise, ID"
Company675,Marketing,9.43,43,"New York, NY"
Company676,Healthtech,1.55,60,"Denver, CO"
Company677,AI,1.21,14,"Chicago, IL"
Company678,Edtech,4.8,184,"New York, NY"
Company679,AI,9.36,173,"New York, NY"
Company680,E-commerce,6.49,5,"Miami, FL"
Company681,Marketing,2.62,37,"New York, NY"
Company682,Healthtech,2.56,107,"Miami, FL"
Company683,Fintech,3.69,79,"Chicago, IL"
Company684,Edtech,3.17,38,"New York, NY"
Company685,AI,3.6,52,"Chicago, IL"
Company686,AI,7.82,185,"Austin, TX"
Company687,Healthtech,2.83,143,"Boise, ID"
Company688,Marketing,0.93,80,"Miami, FL"
Company689,Healthtech,6.93,37,"Los Angeles, CA"
Company690,Logistics,3.07,123,"Denver, CO"
Company691,Logistics,4.74,122,"Chicago, IL"
Company692,Agritech,5.49,78,"Seattle, WA"
Company693,Logistics,4.53,103,"San Francisco, CA"
Company694,Logistics,2.75,22,"Austin, TX"
Company695,AI,3.44,176,"Los Angeles, CA"
Company696,Healthtech,9.02,73,"Miami, FL"
Company697,Logistics,5.86,168,"Los Angeles, CA"
Company698,Fintech,4.93,119,"Chicago, IL"
Company699,Edtech,9.2,104,"Seattle, WA"
Company700,Marketing,3.33,162,"Seattle, WA"
Company701,Healthtech,2.77,76,"Austin, TX"
Company702,Edtech,3.86,89,"Boise, ID"
Company703,Agritech,5.73,14,"San Francisco, CA"
Company704,Retail,9.94,35,"Los Angeles, CA"
Company705,Edtech,6.87,158,"Chicago, IL"
Company706,Marketing,3.32,49,"New York, NY"
Company707,E-commerce,9.23,40,"Denver, CO"
Company708,Retail,3.01,186,"San Francisco, CA"
Company709,Fintech,4.14,89,"San Francisco, CA"
Company710,Logistics,0.68,101,"Seattle, WA"
Company711,Retail,7.06,130,"New York, NY"
Company712,Logistics,0.69,108,"Miami, FL"
Company713,Logistics,3.07,106,"Austin, TX"
Company714,E-commerce,7.8,62,"San Francisco, CA"
Company715,Agritech,8.32,100,"Denver, CO"
Company716,Agritech,2.55,141,"Los Angeles, CA"
Company717,Retail,0.69,166,"San Francisco, CA"
Company718,Edtech,6.85,186,"Denver, CO"
Company719,Healthtech,4.77,154,"Miami, FL"
Company720,E-commerce,3.48,134,"Boise, ID"
Company721,Healthtech,9.03,5,"Denver, CO"
Company722,Edtech,0.64,141,"Miami, FL"
Company723,Healthtech,9.5,55,"Chicago, IL"
Company724,Edtech,5.82,133,"Boise, ID"
Company725,Logistics,6.38,56,"Denver, CO"
Company726,Retail,3.26,60,"Chicago, IL"
Company727,Marketing,3.37,183,"San Francisco, CA"
Company728,Retail,9.75,85,"Seattle, WA"
Company729,AI,1.15,149,"Los Angeles, CA"
Company730,Agritech,5.49,111,"New York, NY"
Company731,Fintech,7.55,101,"Austin, TX"
Company732,Fintech,4.35,126,"Denver, CO"
Company733,Marketing,4.68,135,"Miami, FL"
Company734,Logistics,6.92,30,"Austin, TX"
Company735,Retail,6.82,101,"Chicago, IL"
Company736,Healthtech,6.55,123,"Chicago, IL"
Company737,Fintech,2.16,13,"Seattle, WA"
Company738,Fintech,3.04,56,"Denver, CO"
Company739,Retail,5.73,104,"Los Angeles, CA"
Company740,Logistics,8.53,75,"Miami, FL"
Company741,Healthtech,9.65,147,"New York, NY"
Company742,AI,5.05,156,"New York, NY"
Company743,Fintech,1.88,27,"San Francisco, CA"
Company744,Agritech,4.14,171,"Boise, ID"
Company745,Healthtech,8.89,180,"New York, NY"
Company746,E-commerce,3.87,23,"Denver, CO"
Company747,Fintech,9.45,39,"Denver, CO"
Company748,Healthtech,2.4,14,"Seattle, WA"
Company749,Retail,6.0,54,"Chicago, IL"
Company750,Retail,6.13,132,"Seattle, WA"
Company751,Marketing,7.97,13,"Austin, TX"
Company752,Healthtech,3.91,5,"San Francisco, CA"
Company753,Healthtech,2.06,114,"Chicago, IL"
Company754,E-commerce,4.58,12,"Denver, CO"
Company755,E-commerce,2.55,37,"San Francisco, CA"
Company756,Marketing,1.61,82,"San Francisco, CA"
Company757,Healthtech,7.98,41,"Los Angeles, CA"
Company758,Agritech,7.5,19,"Los Angeles, CA"
Company759,Healthtech,1.25,19,"Miami, FL"
Company760,AI,2.2,10,"Chicago, IL"
Company761,Edtech,6.4,51,"Chicago, IL"
Company762,Marketing,5.88,152,"San Francisco, CA"
Company763,Edtech,1.75,164,"Denver, CO"
Company764,AI,1.36,90,"Chicago, IL"
Company765,Logistics,5.88,167,"Denver, CO"
Company766,Fintech,7.1,176,"New York, NY"
Company767,Agritech,2.56,21,"Denver, CO"
Company768,Fintech,9.12,193,"San Francisco, CA"
Company769,Fintech,6.86,61,"San Francisco, CA"
Company770,E-commerce,5.3,148,"San Francisco, CA"
Company771,Marketing,3.6,18,"New York, NY"
Company772,Logistics,8.11,134,"Austin, TX"
Company773,Agritech,2.76,174,"Seattle, WA"
Company774,Healthtech,9.5,170,"Miami, FL"
Company775,Agritech,9.69,40,"Denver, CO"
Company776,AI,3.23,187,"San Francisco, CA"
Company777,Agritech,6.44,11,"Miami, FL"
Company778,Fintech,2.86,107,"Miami, FL"
Company779,Edtech,9.27,141,"New York, NY"
Company780,E-commerce,0.62,58,"Austin, TX"
Company781,AI,1.66,8,"Boise, ID"
Company782,Marketing,3.32,125,"Denver, CO"
Company783,AI,0.95,71,"New York, NY"
Company784,Marketing,0.55,25,"Austin, TX"
Company785,Logistics,0.56,92,"New York, NY"
Company786,Edtech,2.87,73,"Seattle, WA"
Company787,Retail,9.38,177,"Seattle, WA"
Company788,Marketing,7.11,109,"Boise, ID"
Company789,AI,1.37,132,"Boise, ID"
Company790,Edtech,1.37,125,"Chicago, IL"
Company791,Fintech,8.54,96,"Seattle, WA"
Company792,Healthtech,5.61,65,"Chicago, IL"
Company793,Edtech,1.06,195,"New York, NY"
Company794,Edtech,8.07,44,"Miami, FL"
Company795,Logistics,4.24,152,"Los Angeles, CA"
Company796,Logistics,9.38,159,"Chicago, IL"
Company797,Agritech,7.91,161,"Denver, CO"
Company798,Healthtech,8.56,94,"Los Angeles, CA"
Company799,AI,8.26,23,"Boise, ID"
Company800,E-commerce,8.98,144,"Austin, TX"
Company801,E-commerce,5.05,119,"Seattle, WA"
Company802,AI,4.24,55,"Chicago, IL"
Company803,Edtech,0.51,41,"Seattle, WA"
Company804,Healthtech,6.36,33,"Los Angeles, CA"
Company805,Marketing,9.71,50,"Austin, TX"
Company806,Agritech,3.41,94,"Miami, FL"
Company807,Fintech,2.93,117,"Austin, TX"
Company808,Fintech,2.05,137,"Los Angeles, CA"
Company809,Retail,1.56,19,"Boise, ID"
Company810,Logistics,8.08,154,"Miami, FL"
Company811,Fintech,6.35,15,"Boise, ID"
Company812,Edtech,9.6,199,"Chicago, IL"
Company813,Fintech,4.25,71,"Seattle, WA"
Company814,Logistics,8.74,85,"Miami, FL"
Company815,E-commerce,8.07,76,"Chicago, IL"
Company816,Agritech,9.86,180,"Los Angeles, CA"
Company817,Healthtech,3.15,12,"Miami, FL"
Company818,Fintech,0.64,38,"Los Angeles, CA"
Company819,Healthtech,9.37,16,"Chicago, IL"
Company820,Marketing,2.57,25,"Seattle, WA"
Company821,E-commerce,9.42,136,"Boise, ID"
Company822,Agritech,7.18,91,"Denver, CO"
Company823,Healthtech,4.5,163,"Miami, FL"
Company824,Marketing,4.18,199,"Chicago, IL"
Company825,E-commerce,7.38,135,"New York, NY"
Company826,Retail,2.57,96,"Seattle, WA"
Company827,Healthtech,9.85,181,"Los Angeles, CA"
Company828,E-commerce,5.29,96,"Denver, CO"
Company829,Marketing,7.64,79,"Chicago, IL"
Company830,Retail,5.32,84,"Los Angeles, CA"
Company831,Retail,2.81,159,"New York, NY"
Company832,Retail,3.5,20,"Seattle, WA"
Company833,Edtech,1.97,28,"Denver, CO"
Company834,AI,7.79,56,"San Francisco, CA"
Company835,Retail,9.2,87,"Austin, TX"
Company836,Agritech,2.21,21,"Boise, ID"
Company837,Retail,6.61,145,"San Francisco, CA"
Company838,Fintech,2.92,94,"San Francisco, CA"
Company839,Marketing,8.34,44,"Miami, FL"
Company840,E-commerce,6.28,122,"Los Angeles, CA"
Company841,Retail,4.19,18,"San Francisco, CA"
Company842,Retail,5.91,169,"Denver, CO"
Company843,Fintech,8.09,177,"Denver, CO"
Company844,Healthtech,4.76,131,"Los Angeles, CA"
Company845,AI,4.84,76,"Seattle, WA"
Company846,Logistics,0.77,13,"Denver, CO"
Company847,Edtech,1.71,9,"Austin, TX"
Company848,Marketing,6.07,27,"Chicago, IL"
Company849,Logistics,1.8,190,"Denver, CO"
Company850,E-commerce,8.39,174,"Denver, CO"
Company851,AI,4.06,66,"Boise, ID"
Company852,AI,0.62,199,"Seattle, WA"
Company853,Logistics,0.9,155,"New York, NY"
Company854,Agritech,1.19,174,"Denver, CO"
Company855,Healthtech,3.97,18,"Seattle, WA"
Company856,Healthtech,4.21,173,"Chicago, IL"
Company857,Logistics,1.64,157,"New York, NY"
Company858,Edtech,4.64,158,"Chicago, IL"
Company859,AI,7.06,192,"San Francisco, CA"
Company860,Fintech,7.17,167,"Chicago, IL"
Company861,Agritech,8.83,73,"Boise, ID"
Company862,Fintech,8.79,49,"Austin, TX"
Company863,Retail,7.76,61,"Seattle, WA"
Company864,Logistics,9.64,151,"San Francisco, CA"
Company865,Marketing,2.6,97,"Los Angeles, CA"
Company866,Fintech,9.65,62,"Miami, FL"
Company867,Marketing,2.14,15,"Denver, CO"
Company868,Agritech,4.07,178,"Chicago, IL"
Company869,Edtech,2.75,53,"Denver, CO"
Company870,Agritech,8.63,129,"Austin, TX"
Company871,Logistics,9.69,148,"Seattle, WA"
Company872,Marketing,4.11,19,"Miami, FL"
Company873,E-commerce,1.74,162,"Denver, CO"
Company874,AI,6.31,180,"Boise, ID"
Company875,Logistics,4.43,175,"Miami, FL"
Company876,Healthtech,3.27,130,"Denver, CO"
Company877,Healthtech,6.7,48,"Austin, TX"
Company878,Marketing,5.57,66,"Chicago, IL"
Company879,Fintech,1.58,133,"Boise, ID"
Company880,Agritech,6.05,148,"New York, NY"
Company881,Healthtech,6.43,144,"Boise, ID"
Company882,Retail,2.48,52,"New York, NY"
Company883,Healthtech,7.28,52,"Seattle, WA"
Company884,Healthtech,1.49,52,"Boise, ID"
Company885,Retail,7.38,82,"Austin, TX"
Company886,Retail,2.63,13,"Los Angeles, CA"
Company887,Marketing,3.62,119,"Chicago, IL"
Company888,Logistics,4.37,70,"Chicago, IL"
Company889,AI,5.38,57,"San Francisco, CA"
Company890,Retail,8.64,44,"New York, NY"
Company891,Fintech,8.67,89,"Seattle, WA"
Company892,Healthtech,5.76,148,"New York, NY"
Company893,Logistics,7.65,130,"New York, NY"
Company894,E-commerce,5.64,171,"Chicago, IL"
Company895,Fintech,8.74,166,"Los Angeles, CA"
Company896,Logistics,9.7,158,"Miami, FL"
Company897,Marketing,9.42,109,"Seattle, WA"
Company898,AI,8.09,15,"New York, NY"
Company899,Fintech,2.54,27,"San Francisco, CA"
Company900,Logistics,9.84,158,"Los Angeles, CA"
Company901,Logistics,7.86,86,"Chicago, IL"
Company902,Edtech,8.24,123,"San Francisco, CA"
Company903,Healthtech,4.86,78,"Seattle, WA"
Company904,Logistics,9.58,64,"Los Angeles, CA"
Company905,AI,1.37,85,"Los Angeles, CA"
Company906,Retail,3.55,30,"New York, NY"
Company907,Fintech,5.66,106,"New York, NY"
Company908,Logistics,3.52,130,"New York, NY"
Company909,E-commerce,3.76,161,"Austin, TX"
Company910,Retail,2.96,43,"Los Angeles, CA"
Company911,E-commerce,7.69,187,"New York, NY"
Company912,E-commerce,1.61,75,"Austin, TX"
Company913,Fintech,1.77,59,"Miami, FL"
Company914,Healthtech,6.52,180,"Seattle, WA"
Company915,Edtech,6.72,188,"Austin, TX"
Company916,Fintech,3.0,42,"San Francisco, CA"
Company917,Logistics,9.02,104,"Boise, ID"
Company918,E-commerce,7.87,139,"Seattle, WA"
Company919,E-commerce,3.92,13,"San Francisco, CA"
Company920,Retail,5.14,198,"Austin, TX"
Company921,Marketing,2.68,131,"San Francisco, CA"
Company922,AI,5.74,143,"Miami, FL"
Company923,Agritech,2.54,154,"Los Angeles, CA"
Company924,Healthtech,2.2,22,"Chicago, IL"
Company925,Logistics,3.96,143,"Chicago, IL"
Company926,Fintech,9.17,102,"Boise, ID"
Company927,Logistics,2.69,12,"Boise, ID"
Company928,Logistics,7.79,74,"Seattle, WA"
Company929,Healthtech,1.11,100,"Austin, TX"
Company930,E-commerce,9.0,95,"Denver, CO"
Company931,Edtech,5.62,139,"San Francisco, CA"
Company932,Retail,4.81,141,"San Francisco, CA"
Company933,Fintech,5.64,180,"New York, NY"
Company934,Logistics,1.29,192,"New York, NY"
Company935,Retail,7.03,195,"Boise, ID"
Company936,Logistics,2.91,192,"Miami, FL"
Company937,Fintech,0.58,58,"Miami, FL"
Company938,AI,3.18,43,"Boise, ID"
Company939,Fintech,2.38,27,"Miami, FL"
Company940,Fintech,9.09,174,"Chicago, IL"
Company941,Edtech,1.62,147,"Austin, TX"
Company942,Fintech,9.59,12,"New York, NY"
Company943,Agritech,4.13,176,"New York, NY"
Company944,Retail,3.88,198,"New York, NY"
Company945,Marketing,9.16,197,"San Francisco, CA"
Company946,Marketing,4.91,28,"Boise, ID"
Company947,Retail,8.17,34,"Boise, ID"
Company948,Agritech,1.02,50,"New York, NY"
Company949,Agritech,9.79,56,"San Francisco, CA"
Company950,Logistics,7.12,195,"Boise, ID"
Company951,AI,8.13,75,"Los Angeles, CA"
Company952,Agritech,8.73,34,"Denver, CO"
Company953,Healthtech,9.79,125,"Austin, TX"
Company954,E-commerce,9.13,27,"Denver, CO"
Company955,Agritech,7.15,47,"Austin, TX"
Company956,Retail,7.51,165,"Boise, ID"
Company957,Marketing,5.4,158,"Boise, ID"
Company958,Agritech,9.83,125,"San Francisco, CA"
Company959,Marketing,5.27,67,"Miami, FL"
Company960,Marketing,4.12,129,"Chicago, IL"
Company961,Agritech,7.39,117,"Boise, ID"
Company962,AI,7.19,169,"Boise, ID"
Company963,Healthtech,0.77,154,"Denver, CO"
Company964,Marketing,8.47,133,"Denver, CO"
Company965,E-commerce,9.82,78,"Austin, TX"
Company966,Edtech,5.58,90,"Boise, ID"
Company967,Retail,6.82,40,"Austin, TX"
Company968,Marketing,6.21,182,"Austin, TX"
Company969,Healthtech,4.72,50,"Chicago, IL"
Company970,E-commerce,8.46,199,"New York, NY"
Company971,Retail,3.07,43,"San Francisco, CA"
Company972,Logistics,3.76,100,"Chicago, IL"
Company973,Logistics,5.41,83,"New York, NY"
Company974,Logistics,4.12,142,"Boise, ID"
Company975,AI,6.2,21,"Los Angeles, CA"
Company976,Logistics,2.1,151,"Denver, CO"
Company977,Retail,5.42,167,"Los Angeles, CA"
Company978,Edtech,2.92,14,"Denver, CO"
Company979,Retail,8.26,117,"Seattle, WA"
Company980,Fintech,6.1,187,"Boise, ID"
Company981,Healthtech,8.44,114,"San Francisco, CA"
Company982,Fintech,2.05,115,"Boise, ID"
Company983,Fintech,1.99,20,"Seattle, WA"
Company984,Marketing,1.15,195,"Chicago, IL"
Company985,Retail,8.5,47,"Seattle, WA"
Company986,Marketing,4.65,129,"Austin, TX"
Company987,AI,6.66,154,"Boise, ID"
Company988,Healthtech,4.1,155,"Miami, FL"
Company989,Marketing,5.04,164,"Miami, FL"
Company990,AI,1.02,114,"San Francisco, CA"
Company991,AI,1.83,188,"Los Angeles, CA"
Company992,Agritech,1.31,192,"Austin, TX"
Company993,Marketing,6.61,191,"Austin, TX"
Company994,Fintech,0.98,129,"Los Angeles, CA"
Company995,Marketing,2.59,5,"New York, NY"
Company996,Edtech,7.34,198,"Los Angeles, CA"
Company997,Marketing,7.03,185,"Boise, ID"
Company998,Marketing,9.66,101,"Denver, CO"
Company999,E-commerce,5.8,126,"New York, NY"
Company1000,Fintech,5.05,100,"Seattle, WA"
